{
  "age_mean": 57.97880357983985,
  "age_std": 11.742247643756992
}