{
  "N": 0.45000000000000007,
  "D": 0.5,
  "G": 0.65,
  "C": 0.75,
  "A": 0.65,
  "H": 0.55,
  "M": 0.5,
  "O": 0.30000000000000004
}